number,<R0>(cm),<A0> (cm^2), <Thickness> (cm), <Length>(cm), <N>(mesh points), <E>(10^6 Pa), <beta>(10^6 Pa/cm), <Cv>(10^4 cm^2/s), <fric>, <solver>, <order>
0,1.1283791670955126,4,0.1,400,1600,0.39999999999999997,0.023632718012073547,0,0,FV,2
1,0.7978845608028654,2,0.1,200,800,0.39999999999999997,0.04726543602414709,0,0,FV,2
2,0.7978845608028654,2,0.1,200,800,0.39999999999999997,0.04726543602414709,0,0,FV,2
3,1.1283791670955126,4,0.1,400,1600,0.39999999999999997,0.023632718012073547,0,0,FV,2
